{"cameraMode":{"drawMode":0,"name":"Shaded","section":"Shading Mode"},"sceneLighting":false,"audioPlay":false,"sceneViewState":{"showFog":true,"showMaterialUpdate":false,"showSkybox":true,"showFlares":true,"showImageEffects":true,"showParticleSystems":true},"in2DMode":false,"pivot":{"x":4.028631210327148,"y":-0.041736602783203128,"z":1.0120329856872559},"rotation":{"x":-0.18698576092720033,"y":0.8074137568473816,"z":-0.33928635716438296,"w":-0.4449777603149414},"size":18.063783645629884,"orthographic":false}